{
  "fetched_at_utc": "2025-10-15T15:10:58.851899Z",
  "series": {
    "T10Y3M": 0.03000000000000025,
    "CREDIT": 0.6200000000000001,
    "UN_SLOPE6": 0.20000000000000018,
    "DD_12M": -0.01619996091043152,
    "NFCI": -0.54613
  }
}